USD;3.6352405830563863;3.5492791327469404;2.364670187445265;0.40436758749626034;False
USD;3.6196134696177884;3.57190536011317;1.3180443134348268;0.42987838305489173;False
USD;3.602442105541008;3.557308740319331;1.2528546996565495;0.47439772840147443;False
USD;3.5825459425816653;3.5089176471970367;2.055194729242474;0.5522965359731885;False
USD;3.5601095710080535;3.4801772067267693;2.24522202721562;0.6262689141522548;False
USD;3.537055909074619;3.44393366848414;2.6327613411924373;0.6475548427265525;False
USD;3.515067248183845;3.4153504186011108;2.836839882202992;0.621665629722169;False
USD;3.4932798007507655;3.447267000427988;1.3171804993372878;0.6198301737850578;False
USD;3.472702407880325;3.4166695008905394;1.6135245813932881;0.5890565326607423;False
USD;3.4548670076606744;3.382716327407072;2.088377934479634;0.5135885003903051;False
USD;3.4321410319832646;3.367024007336377;1.8972712379846335;0.6577959622474085;False
USD;3.412739245194348;3.3677589247413016;1.3180122248245552;0.5652968980037782;False
USD;3.3898690673047827;3.342667179561996;1.3924398496109394;0.6701413804693681;False
USD;3.4061231175902686;3.317431747244791;2.603880343826914;0.47948902930369514;True
USD;3.422597049176942;3.3822023890038553;1.1802341786860624;0.48365637465061934;True
USD;3.4397369736233463;3.3438801859539358;2.7867476032167984;0.5007870982219799;True
USD;3.456396259976767;3.3705694767290795;2.4831291551121084;0.4843186116022119;True
USD;3.477670479126425;3.42130835907995;1.6206860421299338;0.615502898090766;True
USD;3.4962431743847833;3.4163043068935965;2.2864218392146984;0.5340556378137293;True
USD;3.5164300214067503;3.4335489557257546;2.356966161033948;0.5773868125039506;True
USD;3.5342604394014656;3.4850706805763894;1.3917977938662243;0.5070602254607688;True
USD;3.550671735031292;3.4458282502106155;2.9527788724111;0.4643487912454467;True
USD;3.564926696842651;3.468222710847;2.7126500548047474;0.40147225300266515;True
USD;3.5419848166585775;3.463219061287235;2.223774506341565;0.6435442334450328;False
USD;3.5239676596998906;3.483756494763663;1.1410764461911125;0.5086740314060307;False
USD;3.505286219578705;3.4009271761626043;2.977190359897148;0.5301251863014194;False
USD;3.490489406237393;3.402869696299797;2.5102413942589945;0.42212853428815245;False
USD;3.4729047450519075;3.4013064849223205;2.061624645236762;0.5037878400106865;False
USD;3.4569322329410044;3.3953246474161105;1.7821461739352955;0.4599179442989356;False
USD;3.4360959831859854;3.3781577912781673;1.6861633723658969;0.6027381606289837;False
USD;3.416268835084666;3.3486682237848235;1.97878488383561;0.577025443943958;False
USD;3.398825987038926;3.3529412676319836;1.3500167287739724;0.5105818332153467;False
USD;3.3813181839367985;3.321896136354229;1.7573633816793197;0.5151132528965017;False
USD;3.402571450435215;3.3330221366711497;2.0440221396429337;0.6285497354073786;True
USD;3.418722771935193;3.319765776855252;2.8945603864780662;0.4746798630168992;True
USD;3.4412564421953236;3.3394131855863343;2.959478850812379;0.6591254033556834;True
USD;3.4631082738025776;3.3717747403316594;2.637328268418006;0.6349957340962948;True
USD;3.4860568837930037;3.415457209687288;2.025201437014411;0.6626593272877376;True
USD;3.5095653968193288;3.417255364851039;2.6302411133854093;0.6743582738313356;True
USD;3.4898444298214213;3.4411669375241325;1.394832728970093;0.5619204878125518;False
USD;3.4743540158624486;3.409059873425442;1.879317482873102;0.44387118883019905;False
USD;3.45308104133853;3.36688793361607;2.4961217732975234;0.6122857494312697;False
USD;3.429817426960869;3.340924199834814;2.5917772306855102;0.6737060062929541;False
USD;3.4157535272116166;3.3282539047112856;2.561649188188344;0.4100480579140997;False
USD;3.3987511557973886;3.3373388587288857;1.8069077214949778;0.4977634152692404;False
USD;3.378790063225181;3.315716184030899;1.8667593432566043;0.5873066799303359;False
USD;3.3608161828857894;3.2664980442908216;2.806405749747998;0.5319620338363009;False
USD;3.376720243565345;3.337833035140714;1.1516265968059942;0.473220188612024;True
USD;3.394390999876995;3.308474329625556;2.531136520646918;0.5233112321141615;True
USD;3.4156998407057064;3.3394612537818795;2.232004873943355;0.6277662422945253;True
USD;3.431741023443183;3.332973360752389;2.8780628263055097;0.4696309244246269;True
USD;3.4533418258458903;3.407156926364275;1.3373972751829255;0.6294415066622446;True
USD;3.467728395099909;3.3800306613548075;2.528967778128857;0.4165984712646994;True
USD;3.4845823378691048;3.423455000596124;1.7542227832779822;0.48602257296192103;True
USD;3.4605122720272354;3.3874655545631582;2.1108642802553925;0.6907589922696098;False
USD;3.4418971102079534;3.3796772977405367;1.807718548090398;0.537930813589542;False
USD;3.4198677981736707;3.360268789289704;1.7427284445262732;0.6400340082493533;False
USD;3.3965710881925144;3.3100291544632445;2.547920578789456;0.6812166831009571;False
USD;3.38058577782493;3.3262198429757883;1.608180901835326;0.4706308200983603;False
USD;3.3591517368195625;3.2853383626496444;2.197381361516113;0.6340333425634384;False
USD;3.3451781157996705;3.26674243718083;2.3447384833823746;0.4159865976498673;False
USD;3.32765187348511;3.244586332289004;2.49622088951;0.5239255342423235;False
USD;3.3106115188992593;3.254926419521656;1.6820185352378076;0.5120834520470474;False
USD;3.292009086751169;3.243866131286706;1.462418668837102;0.5619032025320647;False
USD;3.2783216314373065;3.2350203620674476;1.3208365205726995;0.4157781753686014;False
USD;3.294213839556967;3.2229976715679447;2.161856256380733;0.4847665942006192;True
USD;3.313527642412213;3.216138866802715;2.939126698777132;0.5862947518259176;True
USD;3.3323584678818854;3.2685084227882966;1.9160617235207913;0.568301444920609;True
USD;3.348622259203232;3.2936561672303912;1.641453938907978;0.4880564764595698;True
USD;3.368609726737999;3.2907510278205407;2.3113006620939975;0.5968863009207401;True
USD;3.386041499423995;3.3309948886061984;1.625692148993466;0.517476766383272;True
USD;3.40193296179087;3.3321067114101073;2.052546336598132;0.4693227289027025;True
USD;3.423458473321133;3.3582949440827274;1.9034414977199896;0.632743554092003;True
USD;3.446888002121864;3.3896924136327296;1.6593399162933535;0.6843818607211434;True
USD;3.4632419093817655;3.414408193618617;1.4100578891373496;0.47445426859922235;True
USD;3.446923378598722;3.4062724380069875;1.1793398380749756;0.4711923454967784;False
USD;3.424286478955283;3.3627340107124444;1.7975268313887607;0.6567276715225931;False
USD;3.4037865135193965;3.3423351252791367;1.8053831518569985;0.5986638548460711;False
USD;3.3804883761559315;3.307407795644211;2.1618349889084096;0.684477045517623;False
USD;3.361305701212145;3.3210525238746977;1.1975458621014863;0.5674527704070849;False
USD;3.346989462873212;3.283493645050657;1.8971024117908983;0.4259130115350805;False
USD;3.3666215278021294;3.3240460940372247;1.2646338001854236;0.5865589105280398;True
USD;3.385929459993308;3.329635867026515;1.662574298488305;0.5735106257632527;True
USD;3.407378208432088;3.3693441824474863;1.1162255452148093;0.6334670787507343;True
USD;3.430778723870869;3.3372973975421223;2.7247844834269603;0.6867601424717921;True
USD;3.4466944981645984;3.3837317748562086;1.8267567184129034;0.46391141996391;True
USD;3.4676628846820483;3.407195739573541;1.7437434698630352;0.6083622011935107;True
USD;3.4915726133489047;3.4325623919890607;1.690075730753453;0.6895055679280268;True
USD;3.5137317443421963;3.416075025526392;2.7792878318912893;0.6346461450801073;True
USD;3.5369721722707474;3.4735444721206563;1.7932767650068997;0.6614172515011376;True
USD;3.5605138182245586;3.488323057907777;2.027537709508998;0.6655875366612544;True
USD;3.5792170727252866;3.5400951279169313;1.093030794540971;0.5252965008868974;True
USD;3.5989780537463436;3.531834947142278;1.8656158943279313;0.5521034522226012;True
USD;3.615256907939787;3.5566726092059495;1.6204740140368803;0.45231879578976464;True
USD;3.631598729049591;3.5663130349892063;1.7977122179869856;0.45202378491868855;True
USD;3.606834724469702;3.524660180333257;2.2783007931844446;0.6819036580720906;False
USD;3.592243942672384;3.538318554582643;1.501161640198182;0.4045314773735127;False
USD;3.573519780160142;3.522447040711392;1.4291998531056376;0.5212386132750325;False
USD;3.5523118239679117;3.466957079655667;2.4027942517980843;0.5934752707953382;False
USD;3.5275072542967614;3.4476772049633544;2.2630725772758704;0.6982655493189116;False
USD;3.5117140379331313;3.4415699389626515;1.9974319723300775;0.4477160562715479;False
USD;3.535592912420938;3.447215446658053;2.4996504957458514;0.679977760998473;True
USD;3.55071272385297;3.474652154926884;2.1421211695084805;0.4276457105373776;True
USD;3.570271550873918;3.479392941941004;2.5454256808748643;0.5508422827213282;True
USD;3.5880418091754533;3.5004464912380713;2.4413126322380263;0.4977284794257572;True
USD;3.6068621005187516;3.5368392762457663;1.9413779158042808;0.5245282063093641;True
USD;3.6247504531169406;3.5568499280549792;1.8732468880326143;0.49595332728734587;True
USD;3.6475584742001868;3.608047793774303;1.0832089658150652;0.6292301050306393;True
USD;3.6659348396626195;3.5588951721759776;2.919846428489519;0.5037990642894938;True
USD;3.691139031750442;3.582549755565172;2.941890707751912;0.6875242793497719;True
USD;3.7095338823353;3.627623625294866;2.2081010617125845;0.4983516043863212;True
USD;3.725206923379468;3.6458765187264537;2.1295569960190717;0.4225070195153841;True
USD;3.7461357650968;3.692827077303275;1.4230313885099413;0.5618168909217348;True
USD;3.72405050717547;3.6800414191978135;1.1817532520802414;0.5895477181339919;False
USD;3.7046072958847014;3.636811227424256;1.8300473719780492;0.5220984853268148;False
USD;3.6862790085418187;3.5776845120813263;2.945910936444534;0.494743055849482;False
USD;3.6645778209758446;3.556278479331898;2.9553020002480785;0.5887017101985018;False
USD;3.645059023860982;3.6072793453771195;1.0364627358995313;0.5326342642565277;False
USD;3.624822752891682;3.5879702076513023;1.0166716485924905;0.5551699118404085;False
USD;3.6067729324642683;3.551264057349592;1.5390177356341357;0.4979504284178965;False
USD;3.5833894415174297;3.483702133196761;2.7819278352970436;0.6483216821432163;False
USD;3.565860487582933;3.491726237664307;2.0790002911436694;0.48917245028980416;False
USD;3.545866328876564;3.5087834384588046;1.04580621428863;0.5607106272383063;False
USD;3.526426202581191;3.426927015931829;2.821530380432561;0.5482475787949953;False
USD;3.5077205693908255;3.439617528579612;1.9415184152779004;0.5304416458984411;False
USD;3.4852968210868305;3.4358030286814927;1.42007395484623;0.6392683755846973;False
USD;3.4674549376785055;3.397258717395269;2.02443064278821;0.5119186205426568;False
USD;3.4487645688409936;3.3725370045617007;2.2102861113801806;0.5390226887858363;False
USD;3.4306931073780143;3.3673375166853075;1.8467285971005345;0.5239981188119351;False
USD;3.406970413214202;3.3225431375335996;2.4780748125414966;0.6914840069137842;False
USD;3.3903497169213845;3.3517002277220174;1.1399853238285655;0.4878438693906017;False
USD;3.368390212062474;3.282101617891881;2.5617160939842014;0.647706186453558;False
USD;3.3495037987603076;3.260898286737287;2.645332483450669;0.5606955285207984;False
USD;3.3266036506823355;3.2765694831825076;1.5040615821354353;0.6836877774686345;False
USD;3.3033352194930394;3.2602792686656246;1.3034084634626575;0.6994650891014167;False
USD;3.3243776332229533;3.259638101279117;1.9474181060793645;0.6370050973253348;True
USD;3.3448483300769984;3.2867499197814545;1.736952009845135;0.6157753153392226;True
USD;3.3634598097297927;3.329099422833358;1.0215786374802858;0.5564222295354649;True
USD;3.3855198194549785;3.315867701601847;2.057353717230467;0.65587255305893;True
USD;3.4024550783269385;3.357731458360412;1.3144514457048522;0.5002262510661197;True
USD;3.3868385435094237;3.334652396739733;1.5408513307993676;0.4589784275768887;False
USD;3.363700379955783;3.3052982714447285;1.7362458576593562;0.6831788187241093;False
USD;3.348769072667713;3.2513850626683256;2.9080539113378965;0.44389528202467754;False
USD;3.3342229472875564;3.290684101185723;1.3058168811792574;0.43437230410662;False
USD;3.3179248356417053;3.253065156802293;1.954826647749182;0.48881289294436325;False
USD;3.29787714001658;3.2627534043904136;1.0650407560661814;0.6042239236335294;False
USD;3.2814404885738497;3.2011891541895094;2.445612975879947;0.4984009635558342;False
USD;3.26672820324547;3.1804676037009822;2.640580855756175;0.44834838174297575;False
USD;3.2490441916063433;3.185496958867315;1.955874681643221;0.541337097514188;False
USD;3.2266579342407713;3.149824001586155;2.381223365491187;0.6890105534238458;False
USD;3.2047575319598707;3.142144663156611;1.953747457610892;0.6787333125243018;False
USD;3.2207116605309856;3.18477400668831;1.1158295939087797;0.4978263850544079;True
USD;3.2400273328565494;3.186594703675956;1.6491413093569451;0.5997330516193816;True
USD;3.2552913085100563;3.1848237664028574;2.164707715189154;0.47110638539118105;True
USD;3.27316918795596;3.1971697673978596;2.321890992917495;0.5491944576255596;True
USD;3.2936420391996277;3.2232599094547383;2.1369088962075735;0.6254748858995773;True
USD;3.3157607329784704;3.243812641599186;2.169881881514864;0.6715573069445593;True
USD;3.3347480426248985;3.2674573755292675;2.017863605751274;0.5726381115977668;True
USD;3.3481127552714463;3.2963043627292152;1.5473909133036499;0.40077128693739944;True
USD;3.3650041358903673;3.3046900597947833;1.7923923317742136;0.504504532958949;True
USD;3.3815196592928705;3.298404624287976;2.4579196154156033;0.4908024696419348;True
USD;3.402629356000994;3.3656993742027526;1.0853366010350436;0.6242665675508141;True
USD;3.420418282136877;3.356236145896894;1.8764411526851614;0.5227994081844374;True
USD;3.4357672349941297;3.377924101130177;1.6835579917872958;0.4487449075281879;True
USD;3.4573670726223305;3.373387358896035;2.4290077380357307;0.6286758138968582;True
USD;3.4790814416843716;3.377692726133812;2.9142380611094056;0.6280608511022643;True
USD;3.496262994636451;3.4138171596051987;2.358113081245061;0.49385314026339966;True
USD;3.5184481831004217;3.4492984518505154;1.9653474387385252;0.6345400359756808;True
USD;3.533530499577421;3.4803183405542475;1.505920467632505;0.42866387941825707;True
USD;3.555966896559734;3.507034255308833;1.3760713379599148;0.6349569357048483;True
USD;3.5797469049007686;3.5327003023684114;1.314243821761512;0.6687353688258624;True
USD;3.601544821199149;3.5427912720576513;1.6313429946968008;0.608923392559917;True
USD;3.62503178547007;3.577534935534884;1.3102464404743657;0.6521358316207464;True
USD;3.64942924870518;3.586983403952961;1.711112628758999;0.6730275671761087;True
USD;3.666427093306556;3.6238206550376817;1.16206969849903;0.4657672047596735;True
USD;3.690702745194913;3.6214535490786113;1.8763146451298487;0.6621064941581608;True
USD;3.709398971980427;3.6406186851009075;1.8542164754738726;0.5065763372532713;True
USD;3.730324627506363;3.64112904891311;2.3910942746255888;0.5641252311763023;True
USD;3.7500148958534245;3.6622094483522964;2.3414692991811528;0.5278432928295603;True
USD;3.774555815935315;3.709939027388282;1.7119044385099709;0.6544219360042203;True
USD;3.7543647062782726;3.7057532301473355;1.2947989855552926;0.5349267739478161;False
USD;3.7387207055503224;3.698352942219377;1.079721287311386;0.41668836013159355;False
USD;3.7207542876792465;3.635717604441331;2.285468930842943;0.48054988018773154;False
USD;3.704688879223956;3.63821941567191;1.7941982638490697;0.43177826895178084;False
USD;3.7249294010207965;3.6245864854225815;2.6938206015586905;0.5463487611699438;True
USD;3.7422194703016785;3.6878005373547036;1.4541887074995086;0.46417173104391113;True
USD;3.768045601364468;3.7295700561672223;1.0211008376149453;0.6901287128600024;True
USD;3.78475250951939;3.7392284194383905;1.2028287177694608;0.44338391628998003;True
USD;3.807363867188873;3.7057129242574574;2.6698510170625944;0.5974329262642992;True
USD;3.8275447290000444;3.779083040694666;1.266129901453546;0.5300481518219429;True
USD;3.805596665975587;3.721732996797758;2.2036930483890416;0.5734240767498843;False
USD;3.7877239681578607;3.739528637440003;1.2724087373583688;0.4696424604719578;False
USD;3.7699400337957303;3.6951876377264874;1.9828537164815097;0.46951505737043836;False
USD;3.7501629202511793;3.648681104480487;2.7060641878432063;0.524600215580582;False
USD;3.729062629066703;3.6265468039723197;2.7491044075073834;0.5626499870321039;False
USD;3.7094322876540318;3.6114156261380272;2.642362871597088;0.5264149027602814;False
USD;3.6934946084851994;3.630453767487636;1.7068074460630795;0.4296527860038592;False
USD;3.669614828877499;3.5973649038431668;1.9688694428028755;0.6465361978014185;False
USD;3.6454426025629534;3.5440952509380304;2.780111022833552;0.6587129015373889;False
USD;3.6264679497096037;3.5608973990039416;1.8081105807349696;0.5205034044428347;False
USD;3.6061238572259926;3.5581983795128727;1.3290025415263054;0.5609891708884427;False
USD;3.5903635088633363;3.4889503450510477;2.8245932079561094;0.4370440114272687;False
USD;3.6059910816481486;3.5542677473606683;1.4343722187976062;0.43526436101061977;True
USD;3.630626284087384;3.5941266077145144;1.0053272773582786;0.6831742475629183;True
USD;3.6483122389282117;3.592587752829115;1.5274045215896157;0.4871323418315715;True
USD;3.6659670343899293;3.593836424302021;1.9675738873607111;0.4839167896140484;True
USD;3.68662664377342;3.6069875573253656;2.1602156698607287;0.5635514228493003;True
USD;3.712411256779103;3.646347770846253;1.7795303742874393;0.699409392302653;True
USD;3.7370602494604044;3.6887772587754606;1.2920046095568138;0.6639618020845739;True
USD;3.760198856937564;3.7123222228858883;1.2732473965663673;0.6191660271064823;True
USD;3.783252659238468;3.704856347033355;2.072193407798821;0.6131006145690839;True
USD;3.806980381630202;3.709292112184162;2.566030282620172;0.6271778421616236;True
USD;3.832555166791662;3.7310377660222174;2.6488177299852884;0.6717866287114543;True
USD;3.8149648029830203;3.749199507050588;1.7238768724945674;0.4589722272247649;False
USD;3.79889128096067;3.7582071553128036;1.0709473538178793;0.42132818656103943;False
USD;3.773101806441639;3.7166828783659844;1.4952930233510593;0.6788684542851596;False
USD;3.746892343268724;3.6679284072615093;2.10745142301922;0.6946397027551312;False
USD;3.7265948791411274;3.6299440803191976;2.593541878214708;0.5417146335698926;False
USD;3.7513813255597435;3.702696901872682;1.2977732590220574;0.6651231814156424;True
USD;3.7667873199479636;3.7150727823195893;1.3729083496301222;0.4106752433630939;True
USD;3.7420550888720046;3.6985717650878307;1.1620172004811755;0.6565868729828002;False
USD;3.7268615769894833;3.640756516311936;2.310390630260596;0.4060205294065103;False
USD;3.704603325122821;3.612789840195958;2.47836210436428;0.597238491606173;False
USD;3.6802992472065754;3.576210063873173;2.828280428891972;0.6560507504657045;False
USD;3.700448646048044;3.638482620372383;1.6745544014463947;0.5474934913720013;True
USD;3.7213826292698307;3.6327381047753944;2.382031984489295;0.5657147341888797;True
USD;3.742018814422288;3.636593632276222;2.8173343688102834;0.5545300553119032;True
USD;3.7638082106731563;3.677971524887934;2.2805807570590986;0.5822898636128856;True
USD;3.7788646597339857;3.7178520017484695;1.6145764265029539;0.4000323134992237;True
USD;3.797185611447783;3.7491087374390863;1.2661186185830333;0.48482688223840553;True
USD;3.815148707672334;3.7091038429730387;2.7795735585886074;0.47306342282546576;True
USD;3.8386869867313247;3.739701994215187;2.5786158876273557;0.6169688487280971;True
USD;3.8555778294555125;3.7812803996734545;1.9270115419392413;0.44001615090191365;True
USD;3.8359025814556134;3.783677569336558;1.3614791045928385;0.5103060778487176;False
USD;3.8202681282154294;3.7437043309596025;2.004147213917999;0.4075821246287013;False
USD;3.7949254473195424;3.745225490284469;1.3096425140624985;0.6633744031920987;False
USD;3.77948350762831;3.7136628140178125;1.7415261497410577;0.40691022539426575;False
USD;3.7534457922295426;3.695861149623666;1.534180744666388;0.6889225828400655;False
USD;3.729486253703194;3.6327455483793165;2.5939418660631537;0.6383344759087796;False
USD;3.7100755411539317;3.6682193202841975;1.128177052069295;0.5204661239866085;False
USD;3.690381203229142;3.6027516653486282;2.3745389176553466;0.5308338794272777;False
USD;3.6689040287155392;3.5788107831921665;2.455590138587344;0.5819771273170855;False
USD;3.6488310520689886;3.54078040792471;2.961239986241929;0.5471109761782986;False
USD;3.6234128773712904;3.574943486050202;1.3376723261041048;0.6966114444593224;False
USD;3.6088369387657333;3.5280555945626912;2.238431538296937;0.40227098315474;False
USD;3.5865773285329423;3.513033256623325;2.050536351873392;0.6168084236137276;False
USD;3.570969447383445;3.488480988565095;2.309973804978689;0.43517481207861414;False
USD;3.550343503278142;3.4498736244655794;2.829863609529496;0.57760068825052;False
USD;3.530674150177511;3.4810433543240547;1.4057030964174755;0.5540126774344383;False
USD;3.5063435420792826;3.4144305970835256;2.6213331321565896;0.6891207475774974;False
USD;3.486584719437297;3.395981743499178;2.598616790609393;0.5635164496821753;False
USD;3.4641375086811723;3.3966757465518613;1.9474331477965516;0.6438165873608082;False
USD;3.4438563005463565;3.3632981108517197;2.3391855717631556;0.5854619824989818;False
USD;3.4235927804457646;3.389094869108382;1.0076522983230134;0.588396214365186;False
USD;3.406252270094975;3.3142425674138267;2.7012004803326795;0.5065003773179952;False
USD;3.428946167709546;3.3368805467130556;2.6849538165245743;0.6662424217316827;True
USD;3.450704308690022;3.351112070738549;2.886142336237471;0.6345430903923945;True
USD;3.4696745258243413;3.4039540102378574;1.8941406491396988;0.5497491363298256;True
USD;3.4938417765621654;3.402099018087858;2.625841819447799;0.6965278892285213;True
USD;3.508920704105543;3.4289726793786244;2.278422098093503;0.43158587330805287;True
USD;3.5263128532837693;3.4280263636299266;2.787231131869551;0.49565523546534207;True
USD;3.545846617665657;3.481004557917968;1.8286763850596766;0.55394303326483;True
USD;3.5626981411435437;3.4757978573773745;2.439170547810611;0.4752468252273297;True
USD;3.5871083056992474;3.5361815241931263;1.4197168628894736;0.6851594939746629;True
USD;3.6101074547343734;3.5385092572409906;1.983270536711792;0.6411612662652169;True
USD;3.624689357153144;3.5626253856913976;1.7122562886462624;0.4039187919364473;True
USD;3.6418064065691005;3.5415833666847156;2.7520144866460354;0.4722349346207235;True
USD;3.6585078190523275;3.581904997445273;2.093826920585811;0.4586024246950875;True
USD;3.6837777000064476;3.60932253576845;2.0211633356124334;0.6907155103652503;True
USD;3.700609598998316;3.606481177869377;2.543592308532567;0.45691950933518355;True
USD;3.7218762313796065;3.626596513945533;2.5599915609970707;0.5746791660229998;True
USD;3.7453278081655026;3.695965678097966;1.317965545229932;0.630100931035078;True
USD;3.7626986331091157;3.6977864860566516;1.7251487132475258;0.46379985500178367;True
USD;3.778193647565439;3.6865516576843183;2.425550366910709;0.41180588633854026;True
USD;3.802230815458847;3.711724614034243;2.3803447454223554;0.6362079378566683;True
USD;3.8240398169606467;3.7353427433078537;2.3194599925293025;0.5735843656079489;True
USD;3.8470024729222123;3.7667304342393866;2.0866126093714303;0.6004816126579026;True
USD;3.8659641908454296;3.777982912488489;2.275791342436113;0.49289591199076327;True
USD;3.891112414484602;3.8428902069464494;1.2392910407483022;0.6505032741566246;True
USD;3.8663419490494415;3.7689611708785913;2.5186799164205214;0.6365908459224368;False
USD;3.845773670175413;3.7958186921666703;1.2989578246934068;0.531982921973199;False
USD;3.8271118227629066;3.7725978837243215;1.4244145863297466;0.4852559982203797;False
USD;3.8077861283610663;3.760432892636653;1.243589690390384;0.504968114255116;False
USD;3.7816450045198478;3.672251198065047;2.8927571552605365;0.6865176498888661;False
USD;3.7568854435631867;3.695889730675915;1.6235712747584035;0.6547299105830449;False
USD;3.7413519502078505;3.6304846871548246;2.96329413881703;0.4134673145796911;False
USD;3.7167600339038045;3.6412709631419213;2.0310450519614345;0.6573002655545398;False
USD;3.6958647113835292;3.628880534288682;1.812408795390459;0.5621918641416455;False
USD;3.680908399828806;3.582368476145396;2.6770544925266995;0.40467692198409394;False
USD;3.6573365423299093;3.584296413469532;1.997085256306409;0.6403815291897201;False
USD;3.63941340634216;3.5390653951229574;2.7572578329335413;0.4900597957094525;False
USD;3.6182480928242136;3.5756703271356303;1.176750863851055;0.5815583764422967;False
USD;3.6019142566817073;3.5438818704410604;1.611154017145034;0.45142941344735393;False
USD;3.585312382207707;3.504999967840406;2.240039522521253;0.4609180921839841;False
USD;3.5696068849697684;3.517469048594251;1.4606044322429306;0.43805101379388156;False
USD;3.5463582740394286;3.491238116514029;1.5542749284215935;0.6512933126678644;False
USD;3.5252674932963286;3.475104423616572;1.422957825899646;0.5947165828532277;False
USD;3.5056949668067814;3.4009643518748853;2.987442316673995;0.5552068467645743;False
USD;3.4870076357850905;3.3929979822497685;2.6959979258593134;0.5330563896354256;False
USD;3.4704160474694192;3.396727088108517;2.1233465484530267;0.47581164277937876;False
USD;3.492147005894109;3.4250228969990664;1.9221444223782451;0.6261773265063048;True
USD;3.512975573350258;3.417785186572636;2.709679722789552;0.5964401676388271;True
USD;3.5278068235564604;3.4771037941201484;1.4372393946785609;0.4221848372278377;True
USD;3.5453100646259643;3.460794906437628;2.3838580165837415;0.49615077993013323;True
USD;3.564258338281068;3.505726321356205;1.6421934486682486;0.5344602674999898;True
USD;3.581677131955955;3.476595113077197;2.9338774827359293;0.4887073837438894;True
USD;3.6004431914349353;3.541066996279651;1.6491357313047907;0.5239461511354097;True
USD;3.6198938908944602;3.5419258545908967;2.153876291779861;0.540230700092593;True
USD;3.6418043063989036;3.569632157302152;1.981769008563694;0.6052778386559177;True
USD;3.66624576333892;3.562297036628382;2.8352907420988025;0.671135922846567;True
USD;3.6864816948871173;3.6091997554645694;2.096360319101331;0.5519524018424732;True
USD;3.7023217470778467;3.6600683349032157;1.141267968079238;0.4296793935718861;True
USD;3.7247719940994597;3.647072656893097;2.086015931430139;0.6063829282080238;True
USD;3.7038375698830133;3.621146051538946;2.2325903008397674;0.5620323673397882;False
USD;3.6813910032339443;3.6201423560387775;1.6637365371231265;0.6060353950612889;False
USD;3.6598841911566597;3.5882255282812983;1.9579489167583344;0.5842034181751352;False
USD;3.642429160172473;3.552065117150588;2.4808730396175007;0.47692850572603834;False
USD;3.6173350451837627;3.5295575410470783;2.4265793198657155;0.6889389988169894;False
USD;3.5959693135571977;3.541638733057003;1.5108744197388555;0.5906484016461827;False
USD;3.5723574643842886;3.529220096062366;1.2075322459186624;0.656619873920784;False
USD;3.5875325057658562;3.5432964140134646;1.2330506185322516;0.42479067486553834;True
USD;3.6113963391584503;3.569730684051734;1.1537270128712993;0.6651879350010163;True
USD;3.5906330157420623;3.5344676030622053;1.5642203598534425;0.5749389285039372;False
USD;3.5685610467996027;3.477347273752929;2.5560379057681235;0.6147096861665178;False
USD;3.551733033393178;3.496406804309894;1.557724878618697;0.4715629965617878;False
USD;3.5273989210364465;3.455504395951812;2.0381739262853187;0.6851334863274894;False
USD;3.5052610895982292;3.4393462558513344;1.880454324572152;0.6275964792695581;False
USD;3.483840165574321;3.427517933977317;1.616670941266301;0.6111078027104513;False
USD;3.4644784660487327;3.381642966796694;2.3909947792665323;0.5557574000355116;False
USD;3.48245630442149;3.429080242931937;1.5327130284961163;0.5189190392994705;True
USD;3.503029904183699;3.4608178423191474;1.2050157440602411;0.5907784036252918;True
USD;3.5225334154759764;3.4680628581395814;1.5463460785661496;0.5567611988976763;True
USD;3.541992443553323;3.4970509504312046;1.2688195652115244;0.5524157128461773;True
USD;3.5562989613729434;3.4602270835096034;2.701456736535184;0.4039115850080155;True
USD;3.573955368574742;3.4807861860038924;2.606892727034931;0.4964826465259361;True
USD;3.559387631154139;3.498969700147497;1.6974248738132223;0.40760826362564817;False
USD;3.5381225801945178;3.435643276414175;2.8964316938591983;0.5974356592548474;False
USD;3.5150228031502957;3.426146311986169;2.52847552182228;0.6528823272977748;False
USD;3.4982918671663716;3.403544707994651;2.7083834845508834;0.4759837110851488;False
USD;3.4742938303127184;3.380486256377109;2.7000472187226006;0.6859929864311602;False
USD;3.4504382781168896;3.3814470272005988;1.9994923935849485;0.6866302437546454;False
USD;3.4330378692636887;3.395400168484519;1.0963380601228794;0.5042956126343884;False
USD;3.4124376497225493;3.3676701481179423;1.3118921486593882;0.6000580338939768;False
USD;3.3932113648587556;3.317125275784032;2.2423032606426183;0.5634179093457374;False
USD;3.415586967851699;3.3131767330477544;2.998320223371671;0.6594226114138633;True
USD;3.4339112170083936;3.369088176905866;1.8877319769205023;0.5364890230922742;True
USD;3.4561946556289103;3.4028008876845224;1.544871549911933;0.6489229689499629;True
USD;3.4777926844806553;3.4369265671305094;1.1750590405376231;0.6249077671759474;True
USD;3.454030591020754;3.359061125162925;2.749525904742005;0.6832521549066848;False
USD;3.439284089201597;3.390913597988614;1.4064116240020157;0.42693605139145413;False
USD;3.424195245957671;3.3640719798968957;1.755836386133417;0.43872046776538415;False
USD;3.446897935823833;3.3783069749292114;1.9899330404231326;0.6630080423411249;True
USD;3.462751841627848;3.410593105849058;1.5062799231454704;0.45994706252380135;True
USD;3.485660058370442;3.4141371874547013;2.051917562757911;0.6615610297913925;True
USD;3.503434598918754;3.4327806370208087;2.0167056042590588;0.5099332766437801;True
USD;3.5261123118377355;3.4403912943067936;2.4310348040577887;0.6472994508297794;True
USD;3.5454138190015283;3.4897747341241514;1.5693255489438562;0.5473877590057068;True
USD;3.560710266884263;3.5114214456948822;1.3842412747754993;0.4314432295816603;True
USD;3.5827313952227535;3.490264481289698;2.580905564295214;0.6184476322966825;True
USD;3.6015892208591227;3.5041016917397423;2.70679200600578;0.5263533197468941;True
USD;3.6244659467107145;3.5514059100124786;2.0157462581360255;0.635184204769881;True
USD;3.6431597559399274;3.5955133768878205;1.3078311752434881;0.515767274518826;True
USD;3.662257080792409;3.5581311014893475;2.843218731125549;0.5241967449092786;True
USD;3.6771549240600208;3.5790512275674304;2.667923938985742;0.4067940327222488;True
USD;3.6617551228407668;3.6069791526066344;1.4958938650063889;0.4187966386319888;False
USD;3.6467255439113613;3.54825675670842;2.700197369317981;0.4104474063723257;False
USD;3.631528700175854;3.590627361539667;1.1262843285310271;0.41672573251036454;False
USD;3.613235893294389;3.539165863444475;2.0499638561483486;0.5037219416875122;False
USD;3.58838597669364;3.53078520896551;1.6051998893720871;0.6877468655414043;False
USD;3.5699608433017533;3.49663611262942;2.053936552551022;0.5134657618092545;False
USD;3.552716711323173;3.4562914011031416;2.7141288781260293;0.48303420500914884;False
USD;3.5328070007807866;3.4666220363081988;1.8734384430839373;0.5604080527707251;False
USD;3.515002067233217;3.4725551515057904;1.2075929093503532;0.5039882887356782;False
USD;3.500846935241638;3.396288613903859;2.98665789370086;0.40270622095881264;False
USD;3.477089450925038;3.4373924844257235;1.1416722825106946;0.6786210524499936;False
USD;3.4619406078205177;3.426374317371704;1.0273512598243197;0.4356759674529005;False
USD;3.446037359341511;3.3984406526145166;1.381201123602708;0.45937381025778806;False
USD;3.429938925000145;3.355231018106573;2.1781118710027396;0.4671578588005273;False
USD;3.4104965826251146;3.3318851203045114;2.304985811189246;0.5668422324758897;False
USD;3.388545369662623;3.3056192154147874;2.4472493415689955;0.6436368555336692;False
USD;3.368136348529591;3.2796429996888232;2.627368362904938;0.6022944628616145;False
USD;3.3861684898973596;3.318294122378996;2.004459250059967;0.5353744475232056;True
USD;3.3694192466783943;3.3089154619100274;1.7956739823342585;0.4946370291063935;False
USD;3.3505313432908954;3.295105826913264;1.6542306487780045;0.5605685135834195;False
USD;3.3359773610727075;3.2794309662699264;1.6950473184445725;0.4343783336732849;False
USD;3.318672058014672;3.256284500415158;1.8798952264308924;0.5187476168144892;False
USD;3.297915155809505;3.2158467687159877;2.4884929786307026;0.625458070044566;False
USD;3.278486991521228;3.1969120701814124;2.4881880437770025;0.5891044302353545;False
USD;3.2638538104767765;3.1940327722720596;2.1392207573940842;0.4463394572647517;False
USD;3.248675835418859;3.2051812301443667;1.3388410379481361;0.465032318824981;False
USD;3.232229254792184;3.1481249469015906;2.6020526782219497;0.5062549007618806;False
USD;3.2127005557588655;3.1209149803352725;2.856960175110761;0.6041866926476526;False
USD;3.1949925169755753;3.11410117363184;2.5318163630726795;0.5511885865474822;False
USD;3.182100815262576;3.10971495492883;2.274782118358902;0.4034970862843504;False
USD;3.165694580669491;3.1143751598519094;1.621110928734271;0.515578718134701;False
USD;3.146584029267913;3.0752016766098764;2.2685665468989273;0.6036764101714699;False
USD;3.13000355254383;3.0948157095920754;1.1242109589031222;0.5269357681174073;False
USD;3.112842033227867;3.0448308359877583;2.18485861197345;0.5482907296388086;False
USD;3.0916054273560993;3.048378150358841;1.3982145526968441;0.6822256203520258;False
USD;3.0784609676808006;3.037755131229094;1.322278790572831;0.4251661469794956;False
USD;3.060733683377077;3.0154103601195725;1.4807993097751961;0.5758489222320213;False
USD;3.0437457443018046;2.989427707753917;1.7845786445722844;0.5550283308715912;False
USD;3.030198945190548;2.958461707476455;2.3674101605755076;0.44506999760467836;False
USD;3.0140204061924853;2.97505032840333;1.2929599849121465;0.5339101257275768;False
USD;2.997193223600524;2.9549390065107306;1.4097928941342455;0.55829690327871;False
USD;2.983133957542397;2.944296707251012;1.3018942777675464;0.46908107049694414;False
USD;2.966699243708895;2.903823997102207;2.119367062233213;0.5509210805619141;False
USD;2.9508406925894386;2.882602075960136;2.3125144234547483;0.534552032973539;False
USD;2.932905164098579;2.8593251671095876;2.5087751861082053;0.607810802389352;False
USD;2.9160925389523227;2.8584862118677115;1.975462929077961;0.5732413496371517;False
USD;2.900238108412317;2.8575414947847584;1.4721761466313588;0.5436874971636373;False
USD;2.8804410501490563;2.7984666239028155;2.8458984169107993;0.6826011356046455;False
USD;2.860791647357964;2.805145389617756;1.9451349346464706;0.6821664616283483;False
USD;2.8409026013238066;2.8001817781016354;1.433376251730554;0.6952287508433341;False
USD;2.8268184183919063;2.7768350187401105;1.7681857216789285;0.4957643716943022;False
USD;2.814090645757553;2.730293248608719;2.977778888365398;0.45025080321904365;False
USD;2.7962393959863996;2.743970070467606;1.869272194427231;0.6343523368042764;False
USD;2.7771434891670093;2.7106502086874817;2.3943048221635745;0.6829138752139645;False
USD;2.765953857369369;2.7170023232792055;1.7697885291810307;0.40291874875346934;False
USD;2.754654740507261;2.6971216948842405;2.088575558199559;0.40850706283489463;False
USD;2.768580257836056;2.7304901806569277;1.3757981937247488;0.5055267770592172;True
USD;2.7842889075261485;2.7394970964036984;1.60873431637695;0.5673900782045752;True
USD;2.796776737317726;2.7578479065823274;1.3919177106976868;0.44851056073317724;True
USD;2.812319426133695;2.7372122822619325;2.670647692926479;0.5557357728481194;True
USD;2.825400893215725;2.7816269612094335;1.5492998572839762;0.4651486940092741;True
USD;2.843004732274076;2.761496527386369;2.8669739435329706;0.6230563280637753;True
USD;2.8558857493168133;2.7723003118635234;2.9267780573254836;0.4530775800866846;True
USD;2.873595916859648;2.8350446542156593;1.3415686742107749;0.6201287130296198;True
USD;2.8889293775136617;2.8440516035837278;1.553439633355034;0.5335983589081121;True
USD;2.904109906553562;2.823255679520873;2.78413109814574;0.5254724867302025;True
USD;2.9157424465255337;2.830590715597242;2.92041332490669;0.4005543986376328;True
USD;2.9277052211975345;2.893561588535908;1.1662250835369388;0.4102822828626754;True
USD;2.9480231704438586;2.911549486964582;1.2372251291968412;0.6939888995386385;True
USD;2.967855599014344;2.93471156181747;1.1167671772131262;0.672736522878129;True
USD;2.9860039175169937;2.9004959621376014;2.863625023322016;0.6114960077126735;True
USD;3.002362060698524;2.9259016701697034;2.546674551004412;0.5478272511823495;True
USD;3.0153174437855297;2.984558009738923;1.0201059961365229;0.431506354832882;True
USD;3.0294047502643213;2.97204870961048;1.8933105802001713;0.46719148950055756;True
USD;3.012129542044862;2.9381995683738933;2.454408837303186;0.5702509120959122;False
USD;2.9977273117671217;2.9400803858000533;1.9230210079744108;0.47814113160494964;False
USD;2.977341677813922;2.9413805649028575;1.2078262021128978;0.680036301940447;False
USD;2.9646714814073016;2.9074178213704047;1.9311974495642585;0.42555399338389593;False
USD;2.9441522662838566;2.8833845200587915;2.064015062025545;0.6921244141932601;False
USD;2.930797013597555;2.8792701590627505;1.7581174777967732;0.45361963235545205;False
USD;2.9173169421748666;2.881608771563428;1.2240072408731084;0.45994558340776664;False
USD;2.8973488034386037;2.8356907164081586;2.1280864408616864;0.6844692960023964;False
USD;2.877354365569716;2.8174052526749045;2.083480353068764;0.6900942629053946;False
USD;2.864647674113281;2.835793181605118;1.0072614782233096;0.4416102378102037;False
USD;2.8479973856025156;2.7867112680439137;2.151902170571568;0.5812333803290171;False
USD;2.8294841552489753;2.7575273738229225;2.5431060037062196;0.6500437973408999;False
USD;2.8143482797760875;2.77866788891798;1.2678029622170994;0.5349340954890771;False
USD;2.802965575703207;2.7706046447154264;1.1545247386658188;0.40445257449749944;False
USD;2.7840252294354686;2.7144598757965026;2.4987328743810235;0.6757252544204511;False
USD;2.795756308966427;2.7315877374945;2.2952133297930324;0.4213711645615088;True
USD;2.8133767911507324;2.7358491354645436;2.7556797912759583;0.6302581568999308;True
USD;2.829134329617021;2.7469987155386044;2.90320658225993;0.560093426371218;True
USD;2.8408219244967556;2.7854283484920788;1.9499137037422536;0.4131155865376212;True
USD;2.8557167482235473;2.814599752739572;1.4398135077490861;0.5243138824842053;True
USD;2.8686471161847638;2.806415283330538;2.1693791649421383;0.45278888283511537;True
USD;2.8885437804963034;2.845793435697495;1.479996428908656;0.6935905151694535;True
USD;2.9062102178955143;2.828729306893158;2.6660463350260653;0.6116035878872925;True
USD;2.922905904916889;2.8685084293863445;1.8610751526088243;0.5744831161410182;True
USD;2.9383430381417255;2.857985767134286;2.734781812890682;0.528143352095878;True
USD;2.9547684876936358;2.899986702345456;1.8540127788806913;0.5590038106067468;True
USD;2.972445217409716;2.915105852832182;1.9290301547592976;0.5982441531274706;True
USD;2.9865234583369467;2.92174275293342;2.169100839395372;0.47362490803106927;True
USD;3.0049401609594346;2.968487444643328;1.213092919110505;0.6166602365394898;True
USD;3.023775152603159;2.9820312792157315;1.3805217412243946;0.6268008890303682;True
USD;3.041905288596207;2.9588086123980464;2.7317312116745223;0.5995861159663118;True
USD;3.0258925872878804;2.9602317235807525;2.1699667722171125;0.5264036776015532;False
USD;3.0074184716394625;2.9341367314822575;2.436699144075426;0.6105344163910407;False
USD;2.994776935414835;2.9313756282041705;2.1170627588622755;0.4203451014163787;False
USD;2.9783528915565185;2.8980934820227477;2.694758225638809;0.548422944764047;False
USD;2.9579159948214953;2.8897994841606094;2.30285480656446;0.6861811705711874;False
USD;2.9439665107578117;2.887914721753568;1.903954708704056;0.4715983850827817;False
USD;2.9236407271432823;2.8635483499792924;2.0553954049855783;0.6904216994403636;False
USD;2.907046328459681;2.8641694457990314;1.4749294581544652;0.5675936352075627;False
USD;2.8906195727795083;2.803981311247179;2.9972211614488415;0.5650668693978581;False
USD;2.909073923339687;2.8415493462604484;2.3211708900720893;0.6384219747890894;True
USD;2.9234232418487234;2.863760822561157;2.0408409714166753;0.49326070382436066;True
USD;2.907003641522175;2.832493949005796;2.563109706920203;0.5616566254075811;False
USD;2.892045995857107;2.810205519457519;2.8298469843434537;0.5145382500187002;False
USD;2.8747863520965544;2.8273249186609695;1.6509551536228617;0.596797000645124;False
USD;2.855417539922721;2.810027383313921;1.5896153880888668;0.6737478825063982;False
USD;2.8401324566769826;2.7683283673688965;2.5281950896085457;0.5353011611097741;False
USD;2.8213909875525816;2.7482497045349525;2.5923838043119165;0.6598801080682373;False
USD;2.8079137146453927;2.745957713236992;2.2064781081147045;0.4776818585813757;False
USD;2.794479598184669;2.733922486301276;2.167026444663671;0.4784376525053065;False
USD;2.7829862405383783;2.7470656530084017;1.2907209890850153;0.4112879426193255;False
USD;2.7684205487956657;2.69308055555409;2.721407095260531;0.5233835342245504;False
USD;2.7558322731252844;2.7258487425612676;1.0880027371917529;0.45470966020164805;False
USD;2.73797574984562;2.6695062384685344;2.500734762933755;0.6479539213543758;False
USD;2.722631497169864;2.664173659370075;2.1471079674408955;0.560423249790311;False
USD;2.708345516780994;2.668823965601028;1.459250709892404;0.5247122279941366;False
USD;2.7233394469966727;2.6668984543819594;2.0724920162617737;0.5536195482731434;True
USD;2.742035922542272;2.676004913017203;2.4081015490069992;0.6865275486027915;True
USD;2.7577892849726933;2.693719520286236;2.323229154438159;0.5745133497673465;True
USD;2.776940010504577;2.7301383229569796;1.6853690526463176;0.6944230886760178;True
USD;2.795761102548845;2.7566563907611012;1.3987143519556366;0.6777637245699224;True
USD;2.814210145696159;2.7541481543775626;2.1342397407830553;0.6598934054306074;True
USD;2.8025436404259154;2.738641256092589;2.2801566195634684;0.41455700414147273;False
USD;2.78782994880661;2.716566985944577;2.5562162746884516;0.5250120428836266;False
USD;2.805462120882731;2.765123276943892;1.4378680659622214;0.632469426037578;True
USD;2.8248383823076937;2.7496583700291963;2.6613916303799536;0.6906620225143528;True
USD;2.806109875326975;2.770322854981732;1.2753249849517527;0.6629939290692726;False
USD;2.7920772084250394;2.7491353528700575;1.5379895450385743;0.5000754612397523;False
USD;2.7752535441863913;2.728938449910918;1.6688599271404918;0.6025501081375129;False
USD;2.7615043384988853;2.7038478446351726;2.0878654094403464;0.49542160630000237;False
USD;2.747675374009277;2.6777939227251077;2.5432935762786872;0.5007764897130522;False
USD;2.730463745947516;2.6610306502756207;2.542904873758021;0.6264068974293227;False
USD;2.7151570465774615;2.6346697319297347;2.964370504799466;0.5605897310584156;False
USD;2.6999113062340108;2.6301696284650777;2.5831099565345585;0.5615049178340624;False
USD;2.6827498459058763;2.635230257399943;1.7713015091009117;0.6356305219549011;False
USD;2.6945680255433495;2.6531131090679296;1.5384624207830415;0.4405248463813749;True
USD;2.7127076399800782;2.674919118311644;1.3930185881996444;0.6731919277885295;True
USD;2.726607765058453;2.680746440420492;1.6819920058057016;0.5124077830398556;True
USD;2.7425435397419595;2.6658207655240727;2.7975043278658536;0.5844542397232151;True
USD;2.7251675848358277;2.6670001324137695;2.134454143140796;0.6335707949331814;False
USD;2.712014274734512;2.6536773957860267;2.1510535358150324;0.4826605957926181;False
USD;2.6935715807329004;2.6578412861928036;1.3265025067711345;0.6800367598882631;False
USD;2.674925805122249;2.6032631877790364;2.679050656507365;0.6922324152818042;False
USD;2.6591404119734743;2.6127738627007226;1.7436668279709564;0.5901245230259032;False
USD;2.6444341290290883;2.5833491487206754;2.3099452407551615;0.5530464987169224;False
USD;2.628264490926222;2.550921363552732;2.9427452085019583;0.6114592882221993;False
USD;2.6129581938905546;2.5493806173875626;2.4331647039606192;0.5823727820586778;False
USD;2.6003931938446856;2.5355026823796147;2.495411525405892;0.4808726016071606;False
USD;2.582389587847103;2.5381332347884373;1.7137752284527026;0.6923416827962132;False
USD;2.5656504536634834;2.505792480308588;2.333052550842401;0.6482032866921092;False
USD;2.553512875177995;2.5229125341346186;1.1983625123191675;0.4730799734686087;False
USD;2.5421693007625943;2.5053738803353838;1.4474024376021255;0.4442340794780597;False
USD;2.559032166623585;2.522140643697892;1.441620133066471;0.6633258397043783;True
USD;2.5721457198543956;2.511087841737429;2.373811003228191;0.5124419068210844;True
USD;2.586357370110006;2.5379412198061466;1.8719822273362068;0.5525211944996237;True
USD;2.603362575659332;2.534274937243673;2.653784726784051;0.6574963593914425;True
USD;2.6141291622621847;2.5666907853920806;1.8146913914939167;0.4135646222895369;True
USD;2.624671146354453;2.593086521792518;1.2033745486860237;0.40326944224691147;True
USD;2.6358151470295224;2.5887977002208045;1.7837915098752368;0.4245865502254491;True
USD;2.650861236606863;2.608483231662628;1.5986504445807783;0.5708325029658123;True
USD;2.665283154580598;2.621114946553208;1.657167567786626;0.5440465073983168;True
USD;2.6806286181843193;2.628354869411041;1.9500556107874907;0.5757535959115008;True
USD;2.6928866989583797;2.6276409532354967;2.422892346273618;0.45728381361395376;True
USD;2.7074274760324455;2.673822462659188;1.241215643659752;0.5399698798946959;True
USD;2.7195054488915043;2.6835129277411145;1.3234950922808706;0.4461051299057544;True
USD;2.733687202929056;2.7016544809812486;1.1717771482225723;0.5214828322308498;True
USD;2.751025207432101;2.7144991509011676;1.327725257924046;0.6342351269914104;True
USD;2.7622589247786276;2.707890645307763;1.968254278523925;0.4083465798923906;True
USD;2.780836220689338;2.7130302277603766;2.438331046772425;0.6725399905151477;True
USD;2.7988258964414885;2.715792655927118;2.966716887246947;0.6469160469900477;True
USD;2.81820949028041;2.7818963546776607;1.2885179660343955;0.6925616153390026;True
USD;2.802816151037548;2.751148814734738;1.8434079696480927;0.5462099001494025;False
USD;2.783218247872952;2.7291351677617066;1.943185021605039;0.6992218578925153;False
USD;2.7654273788529653;2.7265291101170233;1.406591582675222;0.6392193294070093;False
USD;2.748884709545703;2.6919879422837547;2.069812788596411;0.5981957593160092;False
USD;2.7354520261937387;2.7055327452017273;1.0937600332783983;0.4886593935830823;False
USD;2.720914307696243;2.6434510479940934;2.846956976301713;0.5314558017573536;False
USD;2.7036838272969375;2.6528012097969462;1.8819736607612951;0.6332606782421776;False
USD;2.718634774800813;2.6781131992777154;1.4905119252756789;0.5529843154339187;True
USD;2.7341082444675755;2.6982216351692148;1.3125526164143961;0.5691632362753081;True
USD;2.745648244996972;2.6893484202653246;2.050511198374927;0.4220754812011443;True
USD;2.7337933966919614;2.6666385834365975;2.456469948922433;0.43176864795452935;False
USD;2.7151836976000974;2.6701528350035972;1.6584830940279267;0.68072807236944;False
USD;2.7001241739949067;2.665749305918241;1.2730847124636893;0.5546410586694881;False
USD;2.6838684826402264;2.6191042033595475;2.4130943710389174;0.6020349549565125;False
USD;2.671545783742315;2.638444065848299;1.239047374574537;0.4591394465718744;False
USD;2.6556257560642886;2.591472512114519;2.415748672540616;0.5959107186149624;False
USD;2.6403367806987244;2.5922058529571848;1.8229086567056196;0.5757202546575275;False
USD;2.62254497533858;2.5518951845028606;2.693940103986141;0.673846059722581;False
USD;2.610628127269157;2.5784287645895203;1.2333952255895906;0.45440014114093724;False
USD;2.5929970498613946;2.530619035895761;2.4056338193276194;0.6753576744078653;False
USD;2.5766666443013406;2.5353983195197736;1.6016167583353347;0.6297888214306668;False
USD;2.561234883772733;2.5210344598222854;1.5695719359886269;0.5989040360629181;False
USD;2.550937572523188;2.5116365805654883;1.5406489120322338;0.40204478374029196;False
USD;2.5376714997811405;2.4693721155679826;2.6914194457024125;0.5200469382292933;False
USD;2.5258618849186463;2.4695897385383505;2.2278394046912817;0.4653720886849536;False
USD;2.5142740171140168;2.476366320078747;1.507699509967564;0.4587688611882541;False
USD;2.525432318729668;2.4570639832627683;2.7071933371506764;0.4437981516612579;True
USD;2.5378543480710096;2.4877816986846613;1.9730308567317123;0.49187734112748305;True
USD;2.548538916775286;2.489789918265919;2.305203115505228;0.4210079554958624;True
USD;2.564295861771927;2.526606443844183;1.469776498477091;0.6182736662533878;True
USD;2.553841836214004;2.516958254720575;1.444239066429728;0.4076762636390765;False
USD;2.535989049024979;2.466500934294175;2.7400794478004804;0.699056101903769;False
USD;2.5244480904325948;2.4944695191504507;1.1875297177137405;0.45508708315681834;False
USD;2.5143315757946656;2.471728603686988;1.6944054840584344;0.4007416383909757;False
USD;2.5035516913285165;2.4614660700360766;1.6810366423913166;0.42873758457024813;False
USD;2.4879723084219605;2.419398911265944;2.75619615716343;0.6222912416994528;False
USD;2.476278534347368;2.4181938997464556;2.345642212507436;0.47001222782939783;False
USD;2.4634470867697362;2.413219232635637;2.0389256340781245;0.5181746479506368;False
USD;2.4525306892897194;2.426745682674093;1.051363260334726;0.4431350500136472;False
USD;2.4378399998384173;2.3959557568944225;1.7180882644788384;0.5990012486064711;False
USD;2.4272878279381724;2.3789488487225836;1.9914811362379559;0.43284923952943166;False
USD;2.4123103564109916;2.378537360096005;1.4000270000595405;0.6170455499669003;False
USD;2.402620302632012;2.3628222894688773;1.6564420570132197;0.4016918367583667;False
USD;2.388805187040887;2.3425350008696606;1.9369593812940094;0.5750020332380994;False
USD;2.377688839660379;2.323936895282287;2.260680349821106;0.4653517767297746;False
USD;2.38937855281617;2.320363192411877;2.8884230304549208;0.49164183979012693;True
USD;2.401594372793187;2.3725925023998684;1.2076090251489011;0.511255111192802;True
USD;2.4170002738582035;2.382803389574034;1.4148481758167832;0.6414863908553494;True
USD;2.4301229496666257;2.388060564202485;1.7308747884509716;0.5429323260884298;True
USD;2.4421105483221126;2.3761381610970465;2.7014496649381163;0.4932918582218829;True
USD;2.456907809629376;2.4139614501269384;1.7479841666878067;0.6059210266885802;True
USD;2.4725874369039627;2.437760434738538;1.4085245943428797;0.6381854139228617;True
USD;2.488986041172704;2.4251648293671986;2.5641450273234874;0.6632163548187648;True
USD;2.5054873716009225;2.470199220440559;1.4084346047936942;0.6629740044843142;True
USD;2.522387862630947;2.4775189243946882;1.7788278678703522;0.6745390626026357;True
USD;2.5338252234186114;2.472036692417866;2.4385474747694276;0.4534338654696473;True
USD;2.545220684445794;2.4923545069143245;2.0770763751270085;0.4497335065521208;True
USD;2.5600000641779412;2.5076030747013016;2.0467573501200365;0.5806718381029327;True
USD;2.5718945337499264;2.5068519905834514;2.528973965026485;0.46462770600768094;True
USD;2.5546783415779935;2.5000362807446153;2.138901792216494;0.6693972846091323;False
USD;2.540256741499137;2.467074006511183;2.8809188375488777;0.56451725620958;False
USD;2.5265571836844667;2.4731291350007707;2.1146582008400174;0.5392981579722369;False
USD;2.514292436362177;2.4604559662137198;2.141217519882084;0.4854331974550562;False
USD;2.4996483348161633;2.472252561994049;1.095985080802535;0.5824342997746678;False
USD;2.484748491317691;2.450695492539948;1.3704807104917303;0.5960775878326835;False
USD;2.4681382053287964;2.433738991295996;1.3937312731730902;0.6684896297124379;False
USD;2.4515908859223785;2.4149128739823684;1.4960902388169255;0.670437310629179;False
USD;2.4403308499529786;2.376629633140753;2.610351658401284;0.4592950656676759;False
USD;2.427371698032996;2.3807044568671096;1.9225420319311821;0.5310407775336088;False
USD;2.442173571513746;2.404100821322216;1.5589698715775968;0.609790148445118;True
USD;2.455247428522905;2.409736668469205;1.8536119628920584;0.5353369294327166;True
USD;2.467873453945322;2.424448060909066;1.7596280298259575;0.5142465592566742;True
USD;2.4540641777303476;2.4289695491126193;1.022574260504355;0.5595617633026497;False
USD;2.4372897694553948;2.3822056445186153;2.260056462186186;0.6835358434051443;False
USD;2.424865089752846;2.364277551047596;2.4985942088607223;0.5097744165776814;False
USD;2.4145866185374776;2.3435916534358077;2.9402533981022265;0.42387806475519324;False
USD;2.399877820742301;2.335317899034482;2.6901336872162123;0.6091642222421502;False
USD;2.3884621779953767;2.3572148009487845;1.3082634229869952;0.4756759968469123;False
USD;2.3733376117667593;2.3370148816833702;1.530449351297713;0.6332344873600428;False
USD;2.3577422223464;2.309764834505505;2.0348869094411963;0.657107920214929;False
USD;2.3458250833287573;2.279230159005093;2.8388699906458923;0.5054470715540192;False
USD;2.3303665013643706;2.29823722779947;1.378721911171056;0.6589827210156176;False
USD;2.3168017176560767;2.2500152843223304;2.882699577817748;0.5820879977613862;False
USD;2.3031031470369494;2.256528029988635;2.0222766448057534;0.5912707382220941;False
USD;2.2928969296704085;2.2551137415104003;1.6478363100882643;0.4431506847477437;False
USD;2.281852615516143;2.224965428832777;2.49302633730788;0.48167512509396104;False
USD;2.2699871567439485;2.203631289266711;2.9231825070066835;0.5199923383093137;False
USD;2.25926455504608;2.20158499741348;2.553023615750213;0.4723639808274913;False
USD;2.2738500659120993;2.2456456825068787;1.240380086094516;0.6455866725940591;True
USD;2.2855526220795417;2.2236435909843966;2.7087116917402776;0.5146582152833387;True
USD;2.295202561074675;2.2646875722291577;1.3295117983499047;0.42221469337044654;True
USD;2.306869170871424;2.279393588534641;1.1910334007543308;0.5083041468586719;True
USD;2.3164808768182104;2.2822340641049377;1.4783982486534635;0.416655875771037;True
USD;2.331521166982595;2.2817664044474593;2.134004324718491;0.6492732279768764;True
USD;2.3467458071004543;2.316955618538087;1.2694254517141277;0.6529917177446415;True
USD;2.3577329716782263;2.2998307113492613;2.455844704404762;0.4681872465491885;True
USD;2.347468793818858;2.3058577469149406;1.7725921219265475;0.4353409814709528;False
USD;2.334454672275211;2.2986207770466445;1.5350006857765242;0.5543895440874214;False
USD;2.318350422729833;2.2509450772880197;2.9074701037837096;0.6898505992272022;False
USD;2.3056061734751845;2.2719476826152856;1.4598542997985717;0.5497119473268546;False
USD;2.2929462799832487;2.253225291524699;1.7323122135613216;0.549091758930096;False
USD;2.281191546651613;2.2405546813117887;1.7813876874772792;0.5126475676404294;False
USD;2.270124709590745;2.219889265233572;2.2128935976486046;0.48513405536296156;False
USD;2.2558963802810283;2.22371990470437;1.4263277275461537;0.626764214741373;False
USD;2.270176191388353;2.227703746682771;1.8708875930730013;0.6329994246254228;True
USD;2.279390711781473;2.22343183939848;2.4549925597993725;0.4058945040510329;True
USD;2.2930109832505305;2.2400275340518947;2.3106496037593067;0.5975400092076544;True
USD;2.306431593979387;2.280838245137789;1.1096513292831205;0.5852833164292808;True
USD;2.3200480011952016;2.252295793893811;2.920293341624288;0.5903668355635867;True
USD;2.334236357733415;2.3093630469122672;1.0655866420185605;0.6115544389988621;True
USD;2.345008328924374;2.3157083571462955;1.2494613096541995;0.46147731163859645;True
USD;2.3545059770005405;2.316480965411627;1.614988959907194;0.40501553700336096;True
USD;2.3709734633268056;2.327556850590669;1.831172444891765;0.6994030377125318;True
USD;2.3806790992636087;2.3403369572624433;1.694564463293012;0.4093523646268351;True
USD;2.3967119103156485;2.35783582385501;1.6220592176019348;0.6734553622535322;True
USD;2.4132010479665973;2.3664975253604648;1.9353349214515658;0.6879899740965251;True
USD;2.4258220831511403;2.3595075867959063;2.7336916757345926;0.5229997390883678;True
USD;2.438917793183831;2.412467152746777;1.0845236568029144;0.5398462699984777;True
USD;2.4497431389303674;2.3935298450441067;2.294660733729212;0.4438585743558278;True
USD;2.46160794996215;2.4009228739384527;2.4652616199354824;0.48432877893325477;True
USD;2.4511782406709886;2.386132942300373;2.6536339663658923;0.4236949791830963;False
USD;2.434051416048624;2.378585450086587;2.278750793690273;0.6987180425392534;False
USD;2.4185601719944243;2.3641704872739258;2.2488456293252863;0.6364386533521956;False
USD;2.4023649562114975;2.358147383852052;1.8405851386200596;0.6696221979696091;False
USD;2.391366766338727;2.365117254656218;1.0976782002661154;0.4578067892779599;False
USD;2.3777203852481583;2.346765657718404;1.3018657585561095;0.5706519502845403;False
USD;2.3631733801984094;2.3048602253683237;2.46757835538879;0.6118046991564515;False
USD;2.3515333011961794;2.2870897114322815;2.740492330307068;0.49256136260526295;False
USD;2.3650070649890074;2.311823387819593;2.2487745578748073;0.5729778007385252;True
USD;2.3814064115242033;2.3248854327151065;2.373428514157765;0.6934163866978634;True
USD;2.396968211817634;2.364072113256262;1.3724044565625162;0.6534710000831166;True
USD;2.413185285701087;2.3425775913731837;2.9259126825560084;0.6765660805804237;True
USD;2.398350332609437;2.3623300889739323;1.501875816295547;0.6147457130437466;False
USD;2.388653332498372;2.348860007298782;1.6659313705421164;0.4043195849755015;False
USD;2.372383979630523;2.307661680328653;2.7281544580295938;0.6811098390251615;False
USD;2.3577864811102662;2.2981496122094;2.529358335822827;0.6153092688870032;False
USD;2.342247816686785;2.2755035968248136;2.8495797663453004;0.6590361149311683;False
USD;2.332572461753134;2.2783198657698676;2.325869694204079;0.41307989977496906;False
USD;2.31775400682765;2.2811422209909433;1.5796234513608969;0.6352837979724149;False
USD;2.3049212848268046;2.241534329436006;2.7500702869148737;0.5536705777680666;False
USD;2.295544428902684;2.255057496354614;1.7637180983433813;0.40681892201040193;False
USD;2.280209224737268;2.2187368219278323;2.69591062708375;0.6680421416520632;False
USD;2.2708600998220496;2.2304648377481335;1.7788529587129418;0.41001171356526633;False
USD;2.2576784603545774;2.2159442762183463;1.8485441956901445;0.5804690244240632;False
USD;2.2434015594218226;2.211273667919659;1.4321061411067109;0.632370870496428;False
USD;2.233547509068914;2.175111727605654;2.6162766283677312;0.43924594380010895;False
USD;2.219233506867842;2.160371125952181;2.65237437761731;0.6408640130981184;False
USD;2.2045720207919732;2.1645003465938446;1.8176622863848797;0.6606554033406639;False
USD;2.1930495542810555;2.1431872210205216;2.273652830288201;0.5226622855704404;False
USD;2.2040238074507403;2.171125035292256;1.4926686384815386;0.5004106335974848;True
USD;2.2142433935651162;2.173121397064741;1.8571579176833566;0.46367857188422723;True
USD;2.225736392751831;2.177780298113748;2.154616997513854;0.5190485933079834;True
USD;2.238403989832141;2.1867124080681517;2.3093052906801605;0.5691418409458814;True
USD;2.2227849424165425;2.1989715969830628;1.0713292581328462;0.6977760711001022;False
USD;2.2130160915525416;2.1700630171054582;1.9409291514437066;0.4394870001854696;False
USD;2.1977917827111426;2.153318113504009;2.0235615383124212;0.6879438834409246;False
USD;2.1831260094941554;2.1517657495972093;1.4364841864630853;0.6672958435987997;False
USD;2.1731389015453684;2.145266641370173;1.2825807018306494;0.4574682315795857;False
USD;2.163810722754982;2.131401713382733;1.4977746912625245;0.42924908222630553;False
USD;2.1764925575880523;2.131935282529601;2.047205486786905;0.5860879928038984;True
USD;2.185763611430225;2.1382533701096067;2.173622118703433;0.42596303901201193;True
USD;2.1980357487996804;2.1463652138535445;2.3507595349326142;0.5614576665692399;True
USD;2.2070804759349167;2.153401036310797;2.43214691124396;0.4114913572345506;True
USD;2.2198700238515325;2.1838091751796775;1.6244576612322865;0.5794780958858478;True
USD;2.209496282463067;2.177918331829248;1.4291922952962348;0.46731300828445915;False
USD;2.196761508777799;2.1741501146824893;1.0293058215450066;0.5763654723633003;False
USD;2.182692618039265;2.137786603132823;2.0573677912917274;0.6404377845440918;False
USD;2.1941220612544288;2.149928712350619;2.014170026554642;0.5236396146989724;True
USD;2.2038892910835215;2.157318823933626;2.113103745197636;0.4451543513266867;True
USD;2.2141482255460754;2.164845504009304;2.2267127813726866;0.4654922778589449;True
USD;2.224222293136781;2.174978373279096;2.213983737580353;0.45498614205114246;True
USD;2.2363622022889893;2.2079267541477026;1.2715045940314202;0.5458046702286906;True
USD;2.2208517827540084;2.196044692116326;1.1170079349878919;0.6935557898047707;False
USD;2.2055319678105354;2.1571764719107924;2.1924640678750205;0.6898170811054907;False
USD;2.1901328042321806;2.1629030071035413;1.24329433703842;0.6982063195230668;False
USD;2.1798302215266157;2.1263157644135626;2.454982804833995;0.4704090402945581;False
USD;2.169168499307035;2.129831196610047;1.8134738131018617;0.4891079183274185;False
USD;2.159653815427431;2.130436303176876;1.3528794310384555;0.43863277023630676;False
USD;2.1445439298033775;2.107788515033454;1.7139035605250303;0.6996438742226319;False
USD;2.132222691868501;2.1061057951388156;1.2248672162286678;0.5745388454693959;False
USD;2.1226486525337487;2.097022309368354;1.207281437500518;0.44901685791377016;False
USD;2.1086264908515924;2.085188072470309;1.1115490810237045;0.6605973939878484;False
USD;2.0942516603798564;2.0374027720353083;2.7145203902685076;0.6817153504474165;False
USD;2.080386196714196;2.041541337514524;1.8671946228553202;0.6620724685564043;False
USD;2.0660168096028206;2.012697710830497;2.5807679068484477;0.6907076740881406;False
USD;2.056457961266271;2.032101496842689;1.1843891235483501;0.46267040481568794;False
USD;2.0479786135604363;2.007271574440889;1.9876691509379434;0.41232779203584247;False
USD;2.036631849594151;2.00192784949818;1.7039898547637191;0.5540469949810165;False
USD;2.027186559283434;1.9737571612199396;2.6356428725721566;0.4637701365909096;False
USD;2.0165028994142373;1.9697376289319277;2.319127361329067;0.5270190757861583;False
USD;2.0041598263636042;1.9678897753576146;1.809738451438719;0.6121029161038465;False
USD;1.994477932294377;1.9357949403351473;2.942273314186182;0.4830899183721354;False
USD;1.9808061175412164;1.9431613955806744;1.9004748434072185;0.6854833804770739;False
USD;1.993803294392732;1.9497347837377652;2.2102737405892867;0.6561559324972739;True
USD;2.004181695473944;1.9527536414039948;2.5660375097771637;0.5205328484710492;True
USD;2.01263670091164;1.982681501208077;1.4883560301764627;0.42186820969325184;True
USD;2.0247001713894894;1.9660196733035011;2.898231496948889;0.5993863906181032;True
USD;2.038418327150466;1.990504479130144;2.350540484361777;0.6775401096332191;True
USD;2.0296177540003315;1.986287186849602;2.134912697985919;0.4317353819339352;False
USD;2.0188847183793466;1.974435473192183;2.201673269528988;0.5288205426775725;False
USD;2.0092039226135343;1.9647305175967147;2.213483883655252;0.4795120631545294;False
USD;1.99885969315293;1.9666062697073847;1.6135911668052034;0.5148421891964384;False
USD;1.9864098652149047;1.959901180853134;1.3345022508183562;0.6228465149741189;False
USD;1.977152005665767;1.9229974342770733;2.7390191160571993;0.46605988578978674;False
USD;1.9670696738166862;1.9425977883936596;1.244078221974929;0.5099421703636638;False
USD;1.9582267136943665;1.9035208778388713;2.793641587714217;0.44954991884765155;False
USD;1.9488175051307792;1.9261555901132121;1.1628546520083898;0.48049638470287703;False
USD;1.9364896269346499;1.8916074335246948;2.3177089505509456;0.6325824846951028;False
USD;1.927296827518175;1.881983002847017;2.3511596150713174;0.4747146222015474;False
USD;1.9167640582685908;1.8969409281380472;1.0341977169819088;0.546504778049551;False
USD;1.9049001269043693;1.8816902215939886;1.2184316113254148;0.6189562723196208;False
USD;1.8954021933125098;1.875421189760024;1.0541827809941522;0.4986053314666187;False
USD;1.886521469067981;1.8622701815347744;1.2855028649733675;0.46854035918405235;False
USD;1.8745543182132456;1.8363179733291517;2.0397565710733527;0.6343501015468257;False
USD;1.8870521869816945;1.8601655744874324;1.424794326290833;0.6667114762703391;True
USD;1.8990206905071292;1.8691275801106273;1.574132948942173;0.6342433774753233;True
USD;1.8879582688967231;1.867250238753085;1.0968478744892731;0.5825329690037155;False
USD;1.8785606081823625;1.8330167623614797;2.424401194324501;0.4977684554358488;False
USD;1.8662942962635567;1.8262133238247544;2.147623368889188;0.6529633308277607;False
USD;1.858392736377426;1.8279416466240332;1.6385712856772818;0.4233823091004585;False
USD;1.8500091997866743;1.802559125709476;2.56485611437337;0.45111759353374087;False
USD;1.8374199883100821;1.8034236145283955;1.850223356553;0.6804945336511745;False
USD;1.8269653325911799;1.8004333530675842;1.4522431843830002;0.5689856312338104;False
USD;1.8185433578404493;1.7646656525677034;2.9626846695987865;0.46098163990806196;False
USD;1.8105148103244746;1.7563066155211275;2.9940762977593063;0.44148232602542076;False
USD;1.798516478910371;1.7588523008153156;2.2053830787853417;0.6627027487255623;False
USD;1.7873896182146884;1.7375860483961132;2.7863857611705747;0.6186688210065012;False
USD;1.7797235788229107;1.7595234244025943;1.1350163958425818;0.428895821798205;False
USD;1.7687545517028826;1.7166782340847762;2.944236528916326;0.6163331907577903;False
USD;1.7611916405432972;1.7202360596695712;2.3254471535585974;0.42758398288243127;False
USD;1.751964997976438;1.7147578441663525;2.1237384224605407;0.5238863479963491;False
USD;1.7605743759143648;1.7145725845332793;2.6128854316191106;0.49141266793975646;True
USD;1.7689164628936414;1.7197260465099735;2.7808218994808183;0.4738275811235808;True
USD;1.7779858427094812;1.7281144184593986;2.8049393337172654;0.5127082033599244;True
USD;1.7886182317110038;1.7377292404914555;2.8451566867272478;0.5980018932726641;True
USD;1.797709066907458;1.7748542104627925;1.2713323231985483;0.5082602332504399;True
USD;1.808858570762984;1.7642354717654025;2.466920284362492;0.6202062425321268;True
USD;1.8202332317492746;1.7908593425245025;1.61374315732843;0.6288308643993433;True
USD;1.8324165016204113;1.7875231741813937;2.449952147850565;0.6693246589849479;True
USD;1.8423062693710641;1.7955271842207026;2.539158983936548;0.5397117817869127;True
USD;1.8508939470263017;1.8061479529149682;2.4175341965553314;0.46613735175364757;True
USD;1.8635694326116226;1.8182070906339918;2.4341643076888047;0.6848304629060786;True
USD;1.8716308037556588;1.8478406512529895;1.2710921649147653;0.4325769141179213;True
USD;1.8841189878151738;1.842390642864897;2.214740428823183;0.6672354416509869;True
USD;1.892807323882606;1.853890202104921;2.0560530005693622;0.46113521086622344;True
USD;1.8818900197264163;1.848577620338888;1.770156546787535;0.5767784189357268;False
USD;1.890754554245;1.836196675729537;2.8855082428850034;0.4710442388058492;True
USD;1.8994561581595024;1.8647145098648186;1.8290313332815762;0.4602185881274912;True
USD;1.907862421421083;1.8573772294010884;2.646165229376994;0.44256158403392976;True
USD;1.9202832364159046;1.8892754288309566;1.614751771869979;0.6510330543420322;True
USD;1.9305408021785;1.9098527295560173;1.0716205841978295;0.5341694166814962;True
USD;1.9392254392845434;1.9031629662866594;1.8596328341891404;0.4498551440219938;True
USD;1.9471259958576363;1.9136054782402419;1.7215381895525446;0.4074078450625019;True
USD;1.9570529811339683;1.9089660881072699;2.4571073696142687;0.5098275765128086;True
USD;1.946634748506213;1.9024804289242325;2.2682385391436704;0.532342901709221;False
USD;1.9360025812292807;1.9140084545482603;1.1360587477654587;0.546181931925908;False
USD;1.9251847585938386;1.8843534257000567;2.1209046410488543;0.5587710853449984;False
USD;1.934479786528235;1.8777791662938657;2.9310526080052126;0.4828122544033386;True
USD;1.9479844947526719;1.8958458688975799;2.6765421385816404;0.6981054192700296;True
USD;1.9608076078715042;1.936783967745986;1.22519109111354;0.6582759335802866;True
USD;1.9716278096131625;1.9417475118337644;1.5155141164934485;0.5518237331506461;True
USD;1.9850668879401918;1.9549900402126952;1.5151553789054413;0.6816234920964124;True
USD;1.996674733022219;1.9633023695761274;1.671397093084781;0.5847583853495255;True
USD;2.00844290715352;1.972527249845187;1.7882339189434437;0.5893886438622955;True
USD;2.021713988933378;1.9724870165412651;2.4349127849723304;0.6607647014804341;True
USD;2.034528383329277;2.0058261935505826;1.4107539621406873;0.6338381425881077;True
USD;2.048486752480916;2.02500406379033;1.1463432049119213;0.6860739454908633;True
USD;2.0609455149907117;2.018918825711086;2.039194581998202;0.608193462550202;True
USD;2.0726953680241245;2.049706479526522;1.1091301139692977;0.5701195372681139;True
USD;2.0822706931370325;2.0397218055811392;2.0433888685140955;0.4619745506565201;True
USD;2.0931159556287344;2.0485930816616795;2.1271097689225336;0.5208382621648125;True
USD;2.103182050256942;2.0697743552316084;1.5884357239190072;0.48091433258336475;True
USD;2.1171685541309007;2.055239038274677;2.925110319411761;0.665016320020883;True
USD;2.12598945944766;2.094440949460233;1.4839447979023916;0.41663689457075054;True
USD;2.1354686322465644;2.080611593998032;2.5688524485991477;0.44587110988626794;True
USD;2.1253056069652962;2.0765683098638474;2.2931900683704676;0.4759154561112115;False
USD;2.11427129063008;2.0581192811913676;2.65585640251391;0.5191872782461627;False
USD;2.1037427283369983;2.069785253192658;1.6141458119826162;0.4979759380804962;False
USD;2.08948769592056;2.054895968384266;1.6555123824767988;0.6776034076993336;False
USD;2.079416342705812;2.0475831500432697;1.5308715243201205;0.4820010777958126;False
USD;2.0676930270033202;2.0384480574564563;1.4143767553952784;0.5637791461827596;False
USD;2.0584846469826537;2.003665909831193;2.6630627161497045;0.44534560500076903;False
USD;2.0477095381694257;2.011088092072115;1.788410192690183;0.523448587727977;False
USD;2.0374624813345106;1.9768750919785252;2.973668958866008;0.5004155444856545;False
USD;2.0246052034036683;1.9644478385175197;2.9713133595139922;0.631043665767071;False
USD;2.0142745399667987;1.963368791169311;2.527249775908246;0.5102556992100125;False
USD;2.004063022524958;1.967807893305232;1.8090812919669117;0.5069575789807294;False
USD;1.9926618321584137;1.9593645586449664;1.6709946954411368;0.5689037838829837;False
USD;1.982107327030571;1.9520279683796742;1.5175443953360066;0.5296686551380555;False
USD;1.9732210348572832;1.9301448264240908;2.183040200375115;0.4483254792564867;False
USD;1.9641995677781359;1.9175602922141737;2.3744672552147805;0.45719495787758163;False
USD;1.950468294602615;1.9229344104436243;1.4116550489532749;0.6990772934062586;False
USD;1.9369276865628064;1.9035788832304017;1.7217371388595457;0.6942234373805728;False
USD;1.9289477813960378;1.8974503169011758;1.6328832122177217;0.4119877691938784;False
USD;1.9195876896659698;1.8870662300915546;1.6941898382393947;0.48524339644351544;False
USD;1.9106195972007496;1.8779491707637779;1.7099388326612541;0.46718847560336474;False
USD;1.8990999855607182;1.8791942693350892;1.0481657825799913;0.6029254414070067;False
USD;1.891106952345961;1.844805041393102;2.4484025557317293;0.4208853286046036;False
USD;1.8796214650899443;1.8411368896686398;2.0474641376508727;0.6073420248267093;False
USD;1.8713228869175504;1.8507706374591157;1.0982738255442634;0.44150262840272886;False
USD;1.8593725307859432;1.8319219086381773;1.4763379416045672;0.6386047119474924;False
USD;1.8465285206708597;1.798123045163464;2.6214312405967948;0.6907712092344649;False
USD;1.8358083532896181;1.7960923502478143;2.1634068158931736;0.5805579096794508;False
USD;1.823721126484984;1.7839517053270177;2.180674478154301;0.6584144136273771;False
USD;1.8323140093463133;1.784750996147461;2.5957894201671516;0.4711730722718126;True
USD;1.8437138950641387;1.8063054109847108;2.0289744617955883;0.6221578648461245;True
USD;1.8544069468595397;1.8075016385212999;2.5293967118530487;0.5799734885129171;True
USD;1.8635170790783042;1.8336182210343237;1.6044316620252517;0.4912693103416518;True
USD;1.8506355785247954;1.803000001171531;2.574011756071194;0.6912467129026763;False
USD;1.8431807621214926;1.8022665055634917;2.2197636498174456;0.40282465601602896;False
USD;1.8303361918275918;1.780552177373638;2.719938264688112;0.696869811028019;False
USD;1.8430475141948235;1.8058390467774563;2.018855571047088;0.694480195714178;True
USD;1.853321806086322;1.8172962869776297;1.943835063634617;0.5574621279358052;True
USD;1.8659307856798655;1.8260467674310548;2.1374864788609313;0.6803448571173938;True
USD;1.873458210466249;1.8272480452049213;2.4665703778803403;0.40341393390113056;True
USD;1.8826022461986434;1.8461125212387328;1.9382599289675069;0.48808325060630986;True
USD;1.8921730718841014;1.837409239685002;2.8942295508184888;0.5083827826501104;True
USD;1.9000879461020332;1.8637227395777867;1.9138696500258563;0.4182954686090412;True
USD;1.91190923501451;1.8802366788894156;1.6565930821948232;0.6221443032006813;True
USD;1.920073987818042;1.862849164389621;2.98034470502102;0.4270470927177679;True
USD;1.9332036985255785;1.8962984043941065;1.909022528749509;0.6838127484064813;True
USD;1.946359390294892;1.8883087913532246;2.9825220990082455;0.6805124457059097;True
USD;1.9543247006568718;1.9047014011792143;2.5391532666490093;0.40924149988420644;True
USD;1.9645162792852136;1.929477359278275;1.7835902087656585;0.521488503160006;True
USD;1.9734449654976436;1.926495292150811;2.3790718346682325;0.4544979497792048;True
USD;1.982520626339193;1.9463122290826902;1.8263818683875719;0.459889229252506;True
USD;1.9930183620230526;1.9690742869491373;1.2013976153039692;0.5295145757572263;True
USD;2.002531129789306;1.9452467409739094;2.8605991668865394;0.4773045721764881;True
USD;2.0151758223658423;1.9924876203046005;1.1258671233265138;0.6314355062169122;True
USD;2.0258571252894897;1.9724951667610557;2.6340435296397633;0.5300432252659363;True
USD;2.0156594140374002;1.977951628271134;1.8707419271163914;0.503377613593177;False
USD;2.0043672579922363;1.9668212924707122;1.873207885022712;0.560221432575541;False
USD;1.9913906117690823;1.9626302757703233;1.44423378461191;0.6474185891538001;False
USD;1.981472063793245;1.9503046205092522;1.572943866002693;0.49807144400594927;False
USD;1.9686837821011087;1.9256564460852652;2.185588991337249;0.6453929846305807;False
USD;1.9585328957834873;1.9256007838152838;1.68146841133498;0.5156179174081301;False
USD;1.9471579947002957;1.8971729463993539;2.5670771676971964;0.5807868281242793;False
USD;1.937085289401164;1.911995391643186;1.2952397034481815;0.5173029269605809;False
USD;1.9257240627597558;1.8943685762639966;1.628243999341407;0.5865114305276921;False
USD;1.9161237661455781;1.8967165393034506;1.0128378544756862;0.4985291922052152;False
USD;1.9264569266918599;1.8758015491412543;2.6294580921459616;0.5392741705337567;True
USD;1.9350050104758254;1.9050341010455454;1.5488801976233633;0.44372047282907584;True
USD;1.948424448898903;1.9086014283397468;2.043857568183422;0.6935092338483326;True
USD;1.9594074063558407;1.9175161429628589;2.1379557542293988;0.5636840300964374;True
USD;1.9723825949646088;1.9207265034864673;2.6189691396596557;0.6621996306985298;True
USD;1.980591185773186;1.937560347536971;2.1726259586183394;0.4161763964827729;True
USD;1.9918969109945008;1.946945001607771;2.2567387468002353;0.5708257868925823;True
USD;1.9816389617930157;1.9562671692642093;1.2803438475921785;0.5149839404270974;False
USD;1.9718286172572104;1.9269222549271232;2.2773968253159502;0.4950621543557422;False
USD;1.963717012538383;1.922977974534766;2.0745880258457383;0.4113747334750924;False
USD;1.9531630996767095;1.9108668763899526;2.165524389323033;0.5374457110819149;False
USD;1.9395715203730104;1.8863504407498737;2.7439606667817746;0.6958752858862028;False
USD;1.9282884821115074;1.8904107003613018;1.9643213192213254;0.5817283942864353;False
USD;1.9154226201709639;1.8866559023705531;1.5018470335201133;0.6672166566309155;False
USD;1.906643947895734;1.8726149343701548;1.7847597378176108;0.4583151615096964;False
USD;1.917800313654268;1.882197475443725;1.8564413592520308;0.585131050338311;True
USD;1.925536689837632;1.8757762787069834;2.584235937609927;0.4033984210078016;True
USD;1.9364861919067937;1.9165085414912926;1.0316443514544145;0.5686467636243828;True
USD;1.9483716172065058;1.8939773109783555;2.791782930308668;0.6137624605527849;True
USD;1.9352314514651814;1.8793900053238923;2.8855177037873636;0.6744178382235018;False
USD;1.9256437263259627;1.8750562514092066;2.62704228332385;0.49543041128024745;False
USD;1.9175856408085328;1.8759567070313043;2.170903499239595;0.4184619100234284;False
USD;1.9055629910289336;1.8845704430490724;1.1016454495962869;0.6269680750493111;False
USD;1.8968185794618244;1.8714666395487354;1.3365505898978545;0.45888861235636136;False
USD;1.8857393928267143;1.8369866750289248;2.5853369762143763;0.5840931101725949;False
USD;1.8749114620723066;1.8492364619233408;1.3693980045643197;0.5742008039709386;False
USD;1.8633823969955567;1.8416618533252158;1.1656514360853814;0.6149125070688375;False
USD;1.8522962012518467;1.8126598897330555;2.1398473684718198;0.5949501166043518;False
USD;1.8440592430303266;1.824160333463825;1.0790819026942968;0.44468904141536025;False
USD;1.8355217733361733;1.8052914824393214;1.6469589920421601;0.4629715518316945;False
USD;1.8256202448285919;1.780309067256538;2.4819607309026184;0.5394394472142257;False
USD;1.8162818861930328;1.777023449154982;2.161472695206878;0.5115170398669621;False
USD;1.8044772152658557;1.783136683586388;1.1826434547871834;0.6499360598656823;False
USD;1.8157637739315144;1.7645977419269017;2.817879326550692;0.6254752661975784;True
USD;1.8260965887678857;1.7849441644625699;2.2535732533777066;0.5690616249050175;True
USD;1.8354344407043932;1.8076445898105282;1.5140748303273608;0.5113558611271454;True
USD;1.8435140751435268;1.8143101937192463;1.5841420371041635;0.44020283481402445;True
USD;1.854579487478146;1.8282819848402647;1.4179765718017614;0.600234762718461;True
USD;1.8642904768732809;1.8084256524027458;2.9965729677614084;0.523622172072003;True
USD;1.8724390564154225;1.8476121777859709;1.325911171548623;0.43708744121293036;True
USD;1.8843757933688556;1.8555001655114416;1.5323709824244025;0.6374966871437038;True
USD;1.8922819111240123;1.8638259742302705;1.50378951077322;0.4195616279395276;True
USD;1.904231874707715;1.8591144629322465;2.3693234198379143;0.6315107444325948;True
USD;1.893506668662163;1.842890016996605;2.6731699709999335;0.5632300450383942;False
USD;1.8811172596466084;1.843788862411598;1.9843737567972266;0.6543102921474395;False
USD;1.8715553261482876;1.8320042410683994;2.1132736247389095;0.5083114010722044;False
USD;1.8636336550263897;1.8438630672313705;1.0608623503710648;0.4232667349567939;False
USD;1.8534530749751181;1.8102709505902763;2.329820213302221;0.5462758210989392;False
USD;1.8459204069296302;1.7940772449993547;2.8085263988444424;0.4064126654832591;False
USD;1.837566576007303;1.8171277863763085;1.1122747821961532;0.4525563990173533;False
USD;1.8281810250924677;1.7815133111559285;2.5526856091386723;0.5107597753126538;False
USD;1.8160245182403967;1.7723292500319623;2.406094618742931;0.6649509367627442;False
USD;1.804667336995363;1.7770892072327458;1.528155865475617;0.625386999512432;False
USD;1.7967834891592858;1.7676625616548642;1.6207254619223566;0.43685878690547597;False
USD;1.7877760132252927;1.7351368608085618;2.944393035107653;0.5013111478560829;False
USD;1.7789091961646482;1.7317716451243788;2.6498008522244234;0.49596912560919737;False
USD;1.7667270136659063;1.7183231768485487;2.7397462337387988;0.6848119355955202;False
USD;1.757592378955395;1.718261617215919;2.2377635571480883;0.5170371336292163;False
USD;1.7495541630191502;1.7186215829295073;1.7680264345896843;0.45734244370257177;False
USD;1.737514252102424;1.7166852497341472;1.1987816700250584;0.6881702305202857;False
USD;1.7261299826089014;1.7075971614650103;1.0736631267988417;0.6552043806114105;False
USD;1.7340636628110377;1.687196917325779;2.7027119298079576;0.4596224086291205;True
USD;1.743879233248543;1.7075936540865881;2.080739220362248;0.5660444104799319;True
USD;1.7544222824419462;1.7217064128806503;1.8647659624887702;0.6045745022012394;True
USD;1.7651031440432088;1.7297391437806575;2.003508995035003;0.6087965085803667;True
USD;1.7750843290621725;1.7465604588515855;1.60690226056229;0.5654731879350903;True
USD;1.7862480678100368;1.757654952057224;1.6007359933980647;0.6289131488058626;True
USD;1.795993349967428;1.7653131468880099;1.7082581669901273;0.545572719322196;True
USD;1.8041547969492462;1.7598323848294386;2.4566856566163247;0.4544252339222746;True
USD;1.8154301278787963;1.7972248934542658;1.0028055690472715;0.6249647174741426;True
USD;1.8249100328967087;1.7877155053822562;2.0381567772638647;0.5221850663560965;True
USD;1.8375798780398742;1.8187137165675447;1.0266852449676271;0.6942723156085873;True
USD;1.8496496050833606;1.8014681859121044;2.6048944102082885;0.6568273405540945;True
USD;1.861494583955231;1.8391213994536866;1.2018936124974753;0.6403904198566596;True
USD;1.874088042259445;1.82867236648372;2.4233480365720146;0.6765240368014349;True
USD;1.886587258270402;1.837917332143577;2.579786644559706;0.6669492429975502;True
USD;1.8979154363008388;1.8679578804307893;1.5784452403442595;0.6004587373722894;True
USD;1.9078660081681647;1.879940589863792;1.4636991374035293;0.5242895271835809;True
USD;1.9173772325220153;1.89253931100041;1.2954113097992055;0.49852685215471887;True
USD;1.9297358470466741;1.872519809864887;2.964967317643615;0.6445583224331418;True
USD;1.9427372033345551;1.9148716898294045;1.4343429187088086;0.673737615838911;True
USD;1.9558216389082832;1.9037936515011422;2.6601601276986844;0.6735051735906266;True
USD;1.944495759479083;1.9204995040773363;1.2340605673614424;0.5790854955220831;False
USD;1.9310828272973815;1.8991619695938622;1.653003032924984;0.6897897368156213;False
USD;1.923109334115042;1.8786106835804686;2.313890830083799;0.4129027025473934;False
USD;1.910410303164317;1.8557228630071663;2.8626018225806726;0.6603384802647696;False
USD;1.9010413153116292;1.8463922074657004;2.8746933275866446;0.49041757350080073;False
USD;1.9139787981717054;1.8812648184243987;1.709213277521988;0.6805471693788736;True
USD;1.9218948163626104;1.8995924930370964;1.1604341265524316;0.4135896488752434;True
USD;1.929698050255985;1.9010764466119117;1.4832166949785996;0.4060177397295428;True
USD;1.9418054114435253;1.8959758131114823;2.3601540124442018;0.6274225745283862;True
USD;1.9506011224886606;1.904021041585057;2.3879859581017193;0.45296562638563975;True
USD;1.9607080151451504;1.9357489340382967;1.2729626703242682;0.5181424608017804;True
USD;1.97177138940088;1.9257750964014426;2.3327396495702857;0.5642540434512642;True
USD;1.983585630878346;1.9624530766002675;1.0653714137221737;0.5991689270354883;True
USD;1.9973116722316764;1.9583302091416528;1.9516965545226095;0.6919812857916572;True
USD;2.009444322036075;1.9835021346626207;1.2910129974224989;0.6074490012288407;True
USD;2.021785427368362;1.989360201904703;1.6037916301466786;0.614155127213605;True
USD;2.035114580460288;1.994150722141542;2.012852677291571;0.6592763461192617;True
USD;2.0453181258568653;2.0058355144146263;1.930389749306029;0.5013744923526512;True
USD;2.058427958745467;2.001751777534045;2.753372104698954;0.6409679121730492;True
USD;2.0711024724658462;2.013112513692065;2.7999560400668466;0.6157375421631878;True
USD;2.0821719663683704;2.036923162072743;2.1731540442621657;0.5344735014170852;True
USD;2.0948457427229976;2.0645808548465343;1.444731096864593;0.6086805777494172;True
USD;2.1060220939578334;2.0446805873125022;2.91267156319582;0.5335166693614495;True
USD;2.118768440892577;2.0868398076971597;1.5069430230878222;0.6052332960472193;True
USD;2.129139876359424;2.0991013100864926;1.4108310405746467;0.4895030182004144;True
USD;2.1403193453969855;2.108323686627375;1.494901162222404;0.5250697317583872;True
USD;2.1536728228189257;2.1037593424508465;2.3175980975024695;0.6239011692651618;True
USD;2.1663254408117005;2.1403300810609127;1.1999748173131097;0.5874902565847357;True
USD;2.1804031348465878;2.1522637006026346;1.2905610799322695;0.6498420675710034;True
